{"assets/env/.env":["assets/env/.env"],"assets/images/DrawerBackground.jpg":["assets/images/DrawerBackground.jpg"],"assets/images/Index.png":["assets/images/Index.png"],"assets/images/Login.png":["assets/images/Login.png"],"assets/images/LoginBottom.png":["assets/images/LoginBottom.png"],"assets/images/Logo.png":["assets/images/Logo.png"],"assets/images/MainBottom.png":["assets/images/MainBottom.png"],"assets/images/MainTop.png":["assets/images/MainTop.png"],"packages/cupertino_icons/assets/CupertinoIcons.ttf":["packages/cupertino_icons/assets/CupertinoIcons.ttf"]}